{"cameraMode":{"drawMode":3,"name":"Shadow Cascades","section":"Miscellaneous"},"sceneLighting":true,"audioPlay":false,"sceneViewState":{"showFog":true,"showMaterialUpdate":true,"showSkybox":true,"showFlares":true,"showImageEffects":true,"showParticleSystems":true},"in2DMode":false,"pivot":{"x":-2.4264638423919679,"y":0.861430823802948,"z":-0.3017812967300415},"rotation":{"x":0.27566853165626528,"y":0.21539069712162019,"z":-0.06352776288986206,"w":0.9346546530723572},"size":10.920249938964844,"orthographic":false}