{"cameraMode":{"drawMode":0,"name":"Shaded","section":"Shading Mode"},"sceneLighting":false,"audioPlay":false,"sceneViewState":{"m_AlwaysRefresh":false,"showFog":true,"showSkybox":true,"showFlares":true,"showImageEffects":true,"showParticleSystems":true,"showVisualEffectGraphs":true,"m_FxEnabled":true},"in2DMode":false,"pivot":{"x":-5.771860122680664,"y":0.9570766091346741,"z":12.830148696899414},"rotation":{"x":-0.23352192342281342,"y":-0.3395286202430725,"z":0.08741981536149979,"w":-0.9069748520851135},"size":18.761581420898439,"orthographic":false}