{"cameraMode":{"drawMode":0,"name":"Shaded","section":"Shading Mode"},"sceneLighting":true,"audioPlay":false,"sceneViewState":{"m_AlwaysRefresh":false,"showFog":true,"showSkybox":true,"showFlares":true,"showImageEffects":true,"showParticleSystems":true,"showVisualEffectGraphs":true,"m_FxEnabled":true},"in2DMode":false,"pivot":{"x":375.5074768066406,"y":559.7031860351563,"z":84.59173583984375},"rotation":{"x":0.050976578146219257,"y":-0.011384693905711174,"z":0.0005639123846776784,"w":0.9986608028411865},"size":497.07537841796877,"orthographic":false}