{"cameraMode":{"drawMode":0,"name":"Shaded","section":"Shading Mode"},"sceneLighting":true,"audioPlay":false,"sceneViewState":{"m_AlwaysRefresh":false,"showFog":true,"showSkybox":true,"showFlares":true,"showImageEffects":true,"showParticleSystems":true,"showVisualEffectGraphs":true,"m_FxEnabled":true},"in2DMode":false,"pivot":{"x":-12.47203540802002,"y":1.9051458835601807,"z":1.8928641080856324},"rotation":{"x":0.044397253543138507,"y":0.9520314931869507,"z":-0.2521379888057709,"w":0.16763655841350556},"size":2.1615476608276369,"orthographic":false}